id,scan_id,test_id,order,ip,last_ip,url
1,1,dcc90b36-7ea3-4450-a7c7-0775fffaaaad,1,254.247.245.171,,
2,1,dcc90b36-7ea3-4450-a7c7-0775fffaaaad,2,7.45.227.147,254.247.245.171,
3,1,dcc90b36-7ea3-4450-a7c7-0775fffaaaad,3,24.154.162.133,7.45.227.147,
4,1,dcc90b36-7ea3-4450-a7c7-0775fffaaaad,4,77.23.22.15,24.154.162.133,http://www.prezbolak2016.com/
5,1,dcc90b36-7ea3-4450-a7c7-0775fffaaaad,5,199.146.206.28,77.23.22.15,
6,1,dcc90b36-7ea3-4450-a7c7-0775fffaaaad,6,197.226.180.8,199.146.206.28,
7,1,dcc90b36-7ea3-4450-a7c7-0775fffaaaad,7,233.254.222.203,197.226.180.8,
8,1,dcc90b36-7ea3-4450-a7c7-0775fffaaaad,8,178.242.249.193,233.254.222.203,
9,1,dcc90b36-7ea3-4450-a7c7-0775fffaaaad,9,77.23.45.22,178.242.249.193,http://www.prezbarak2016.com/
10,1,ad3bc684-0cb5-4860-8afa-77a6dbd3e87c,1,195.231.5.23,,
11,1,ad3bc684-0cb5-4860-8afa-77a6dbd3e87c,2,113.134.108.57,195.231.5.23,
12,1,ad3bc684-0cb5-4860-8afa-77a6dbd3e87c,3,109.118.156.199,113.134.108.57,
13,1,ad3bc684-0cb5-4860-8afa-77a6dbd3e87c,4,204.7.188.14,109.118.156.199,
14,1,ad3bc684-0cb5-4860-8afa-77a6dbd3e87c,5,100.204.179.91,204.7.188.14,
15,1,ad3bc684-0cb5-4860-8afa-77a6dbd3e87c,6,77.23.22.01,100.204.179.91,http://www.prezobama2016.com/
16,1,ad3bc684-0cb5-4860-8afa-77a6dbd3e87c,7,110.121.2.76,77.23.22.01,
17,1,ad3bc684-0cb5-4860-8afa-77a6dbd3e87c,8,85.80.65.99,110.121.2.76,
18,1,ad3bc684-0cb5-4860-8afa-77a6dbd3e87c,9,217.198.77.50,85.80.65.99,
19,1,ad3bc684-0cb5-4860-8afa-77a6dbd3e87c,10,201.244.160.222,217.198.77.50,
20,1,ad3bc684-0cb5-4860-8afa-77a6dbd3e87c,11,170.146.196.186,201.244.160.222,
21,1,ad3bc684-0cb5-4860-8afa-77a6dbd3e87c,12,169.191.51.197,170.146.196.186,
22,1,ad3bc684-0cb5-4860-8afa-77a6dbd3e87c,13,77.23.45.22,169.191.51.197,http://www.prezbarak2016.com/
23,1,ab78d987-f05b-47fe-a0bc-718c7a20e012,1,229.158.124.95,,
24,1,ab78d987-f05b-47fe-a0bc-718c7a20e012,2,61.50.3.244,229.158.124.95,
25,1,ab78d987-f05b-47fe-a0bc-718c7a20e012,3,57.67.57.6,61.50.3.244,
26,1,ab78d987-f05b-47fe-a0bc-718c7a20e012,4,130.7.237.14,57.67.57.6,
27,1,ab78d987-f05b-47fe-a0bc-718c7a20e012,5,119.63.23.27,130.7.237.14,
28,1,ab78d987-f05b-47fe-a0bc-718c7a20e012,6,77.23.45.22,119.63.23.27,http://www.prezbarak2016.com/
29,1,d7de307f-1ecf-4d93-9271-1d318b79e883,1,238.22.38.210,,
30,1,d7de307f-1ecf-4d93-9271-1d318b79e883,2,218.38.20.58,238.22.38.210,
31,1,d7de307f-1ecf-4d93-9271-1d318b79e883,3,119.117.40.92,218.38.20.58,
32,1,d7de307f-1ecf-4d93-9271-1d318b79e883,4,124.168.206.19,119.117.40.92,
33,1,d7de307f-1ecf-4d93-9271-1d318b79e883,5,48.119.33.146,124.168.206.19,
34,1,d7de307f-1ecf-4d93-9271-1d318b79e883,6,250.159.219.18,48.119.33.146,
35,1,d7de307f-1ecf-4d93-9271-1d318b79e883,7,206.74.184.69,250.159.219.18,
36,1,d7de307f-1ecf-4d93-9271-1d318b79e883,8,26.174.127.53,206.74.184.69,
37,1,d7de307f-1ecf-4d93-9271-1d318b79e883,9,200.162.254.76,26.174.127.53,
38,1,d7de307f-1ecf-4d93-9271-1d318b79e883,10,122.39.14.189,200.162.254.76,
39,1,d7de307f-1ecf-4d93-9271-1d318b79e883,11,189.78.252.234,122.39.14.189,
40,1,d7de307f-1ecf-4d93-9271-1d318b79e883,12,138.161.156.109,189.78.252.234,
41,1,d7de307f-1ecf-4d93-9271-1d318b79e883,13,219.114.126.183,138.161.156.109,
42,1,d7de307f-1ecf-4d93-9271-1d318b79e883,14,250.194.177.235,219.114.126.183,
43,1,d7de307f-1ecf-4d93-9271-1d318b79e883,15,230.24.41.120,250.194.177.235,http://www.notmyobama.com/
44,2,e569dd81-6f08-4512-a856-7febd6e52a08,1,141.182.45.8,,
45,2,e569dd81-6f08-4512-a856-7febd6e52a08,2,69.106.150.47,141.182.45.8,
46,2,e569dd81-6f08-4512-a856-7febd6e52a08,3,66.157.243.26,69.106.150.47,
47,2,e569dd81-6f08-4512-a856-7febd6e52a08,4,112.43.82.28,66.157.243.26,http://www.thumpforpresident.com/
48,2,3c70533f-78c6-4d63-80b8-763d9d3b4b18,1,56.232.166.204,,
49,2,3c70533f-78c6-4d63-80b8-763d9d3b4b18,2,217.160.146.153,56.232.166.204,
50,2,3c70533f-78c6-4d63-80b8-763d9d3b4b18,3,84.215.192.77,217.160.146.153,
51,2,3c70533f-78c6-4d63-80b8-763d9d3b4b18,4,59.214.2.129,84.215.192.77,
52,2,3c70533f-78c6-4d63-80b8-763d9d3b4b18,5,211.9.200.184,59.214.2.129,
53,2,3c70533f-78c6-4d63-80b8-763d9d3b4b18,6,140.221.166.199,211.9.200.184,
54,2,3c70533f-78c6-4d63-80b8-763d9d3b4b18,7,77.23.45.16,140.221.166.199,http://www.preztrump2016.com/
55,2,60e2c46d-0945-48b1-92de-c14701741aa8,1,173.130.111.111,,
56,2,60e2c46d-0945-48b1-92de-c14701741aa8,2,203.139.75.140,173.130.111.111,
57,2,60e2c46d-0945-48b1-92de-c14701741aa8,3,69.255.237.232,203.139.75.140,
58,2,60e2c46d-0945-48b1-92de-c14701741aa8,4,25.231.67.78,69.255.237.232,http://www.superdonald2016.com/
59,2,60e2c46d-0945-48b1-92de-c14701741aa8,5,14.195.80.207,25.231.67.78,
60,2,60e2c46d-0945-48b1-92de-c14701741aa8,6,141.149.46.179,14.195.80.207,
61,2,60e2c46d-0945-48b1-92de-c14701741aa8,7,195.20.237.191,141.149.46.179,
62,2,60e2c46d-0945-48b1-92de-c14701741aa8,8,53.15.233.20,195.20.237.191,
63,2,60e2c46d-0945-48b1-92de-c14701741aa8,9,145.34.33.120,53.15.233.20,http://www.thedonld4prez.com/
64,2,effea848-5f94-4adf-ba99-01ce37960570,1,209.24.61.32,,
65,2,effea848-5f94-4adf-ba99-01ce37960570,2,244.186.141.128,209.24.61.32,
66,2,effea848-5f94-4adf-ba99-01ce37960570,3,145.137.61.84,244.186.141.128,
67,2,effea848-5f94-4adf-ba99-01ce37960570,4,55.2.13.119,145.137.61.84,
68,2,effea848-5f94-4adf-ba99-01ce37960570,5,14.195.80.207,55.2.13.119,
69,2,effea848-5f94-4adf-ba99-01ce37960570,6,181.183.221.91,14.195.80.207,
70,2,effea848-5f94-4adf-ba99-01ce37960570,7,198.248.113.130,181.183.221.91,
71,2,effea848-5f94-4adf-ba99-01ce37960570,8,166.247.64.158,198.248.113.130,
72,2,effea848-5f94-4adf-ba99-01ce37960570,9,170.236.45.208,166.247.64.158,
73,2,effea848-5f94-4adf-ba99-01ce37960570,10,145.34.33.130,170.236.45.208,http://www.notmytrump.com/